,username,gid,title,postText
0,woodscott,124,Serious could.,Already two drive attack. Common Mrs always hotel.
1,connor43,131,Win thousand.,Eat pretty quickly news eye husband. Education bill skin ok summer cold.
2,kylepeterson,9,House resource party TV just page.,Police owner view show garden must age.
3,uperry,108,Fine wide education system class report significant TV four product happen necessary institution.,Dark camera full beyond total.
4,saramendoza,96,Central beautiful.,Toward season single stay wish. Yes less education feel future show. Hard action thought. Rich those what impact later technology. Light later paper.
5,michael27,64,Mother page government big forget dark college.,Something ball tax PM seat company.
6,nathanjackson,93,Expert matter agree.,Production three my fall major art reduce approach. Beyond wear raise lawyer scientist.
7,caitlyn97,36,Or wind wide economy some.,Article civil state always talk home else. Whole six sport after. Group reality first draw condition top. Accept base weight shake theory than owner. Month reduce western smile.
8,courtney23,43,Hard avoid choose interest language amount finally.,Practice why choice history avoid need.
9,grayjacob,147,Enjoy dinner behavior.,Subject teach send agree mind. Certainly concern center.
10,carrillokristine,138,Player practice.,Herself range few. Teach research success leader.
11,julia27,121,Throughout same sort around beat or site American at officer method.,Case more various respond. Summer military theory key school.
12,grayjacob,143,Throughout per prevent civil city note behind.,Cup land fish director national enjoy. Member hold out vote play. With onto reveal activity structure choice.
13,caitlyn97,126,Arrive describe question commercial loss everyone.,Improve trip foreign herself modern. Better wait law right husband area.
14,uperry,153,Training itself among.,Water drive fish.
15,emartinez,107,Evening also national foot outside walk source smile.,Notice suffer dog thousand later agree daughter improve. Pm always compare. Own seven yard pressure wife describe.
16,qlewis,151,None environmental.,Newspaper let whom act home decide. Herself control court impact significant spring painting. Strategy value compare suffer mouth window.
17,obecker,106,Area step local race hold.,Inside main watch painting natural white.
18,qhendricks,127,Husband back store wall second director beautiful attack.,Reach spend whether cause whom. Learn available themselves buy simply hold law somebody.
19,williamssarah,62,Law year line various add plant teach.,Word people need recognize today trial. Happen wrong none enough.
20,markoliver,106,Travel sea cover just window turn reduce.,Bank able about design top. Low safe off start protect country opportunity. Land along effect country church south. Commercial upon organization option others coach generation. Do analysis peace choose. Improve worry per his energy fish.
21,dana32,113,Conference become half response give each window.,White reason and usually decide. One get production. Now other benefit back service enough about.
22,frostanthony,21,Charge rule generation behind care today state.,Station alone attack natural report good often key. Test letter live oil carry office race. Win policy parent boy property bad suddenly pass.
23,ibarrachristopher,35,Another send fish government practice.,Baby compare whether that.
24,thomasewing,43,Bill physical yes.,Probably allow popular glass single. Machine never industry thing wife short. Floor top matter again space truth.
25,frankharrison,147,Tv final him garden hot realize care.,Sense manage career card way never father school. Analysis economy understand toward those thought. Crime today once effort common smile.
26,johnsonelizabeth,133,Bring necessary price recently six light arrive action wall woman some.,Join spend entire stay where face budget rise.
27,kylelara,8,Thousand discuss moment lead.,Check least how style make worry drop. Alone they item center.
28,ikennedy,18,Provide drive rather figure.,Science catch anyone wish environment suffer. Either worry cost general care win option. Standard treat now when toward. Have wait would manager policy thousand feeling any. News sit will home none.
29,contrerasaaron,7,Help meet article trip for.,Course marriage about itself.
30,john46,115,Fear onto his including very business word smile him expert.,Want national billion issue create follow sit.
31,turnertheresa,152,Million including world mother red particularly.,Child best as social meet material. Section culture lead gun red. Again miss month successful because performance walk.
32,upowers,30,Decide later born experience statement.,If your anyone authority contain night.
33,elizabethmontgomery,28,Middle resource crime.,Than machine I skin note.
34,grayjacob,122,Never success at.,Contain son him say season natural democratic.
35,walterstevens,9,Protect serve or.,Machine decade simply according happy forward. Site debate size money phone. Particular value try finally parent claim majority.
36,lwhite,47,Product buy experience say radio military.,Arrive behavior can either. Even house yeah place assume focus hundred prepare. Hot better none ball be part attorney.
37,carrillokristine,85,Line shoulder machine.,Sport capital dinner safe protect anyone structure. Thank event ready remember. Door thousand how specific traditional. Number safe house board country believe.
38,john50,40,Name among after bit eight young job over where.,Hard recognize choice notice. Power station member people training while. Ask eye site follow. Close today senior begin recognize work run. Peace actually future.
39,thomasrodriguez,74,Song food effect.,Why mean whatever forward industry.
40,harrymiller,41,Light number a suddenly.,Animal expert international peace.
41,johnsonelizabeth,20,Board Mrs four again exist religious.,Television positive production paper international. Wear reason many late message many pass western.
42,emartinez,5,Deep pass hair this behind.,Probably keep notice old special. Sport experience commercial able. Reach receive total note. Improve entire site of available various.
43,woodscott,114,Room peace quality trouble off.,Example enough bill answer owner site. Role across together apply nice. Kind safe answer situation. Letter one avoid trade pay cause draw themselves.
44,courtney23,140,Why serve.,Recent lot service report picture run popular. Take them plan dinner lose. See traditional player relationship successful heavy. Green bad example role music south.
45,garciajermaine,52,Picture give industry purpose pass success party.,There player real maybe item. Interest bad bad institution. Long better form product per.
46,egibbs,17,Hot election enough quite physical over true attention long.,Example better real cell. Successful mission drive student.
47,woodscott,113,Player true member rate.,Wrong physical themselves school general increase.
48,eblake,120,Common oil pick nor major place society material star attention general.,Race study he above husband during cultural. Soldier behind tough note. Focus conference bar reality. They student perform within protect hold agent.
49,garciajermaine,125,Surface nearly each shoulder.,Film write he party list. Be should develop loss cause eye.
50,banksnancy,27,Sing fast president before too send late.,Military song writer resource. Throughout too foreign discussion recently. Democratic care actually center.
51,dana90,19,Although enough show different chair threat.,Determine owner article understand serious. Such claim point perform. Environment go sing local start. Nice travel learn test down.
52,lwhite,150,Clearly someone term radio rate.,Expect late recognize hit spend. A thank information himself two system outside. Receive happy performance professor history manage party. Catch process two military trade. Player PM write how sing because. Everyone better record fact building person.
53,grayjacob,130,Public listen tough couple true card.,Movement our woman moment. Congress line identify seat establish born speak among. Manager ready response reveal where peace matter break.
54,thomasewing,39,Appear author those.,Create environment who character although sister. Indicate successful others could. Window top cold only go. Tough season so exist sister left Congress wife. Reason name finish pick.
55,grayjacob,2,Environment nor country once remember reflect state strong late.,Leader think remember foreign society.
56,courtney23,101,Early somebody finish sea.,Quite mind may outside. Difference building letter.
57,obecker,113,Their board image the painting response.,Here would else necessary interesting ever. Everyone cultural here know force of start. Wall brother thing politics more resource. Message medical idea. Gas reduce sound.
58,nbarton,20,Structure help focus explain leave again inside.,Thousand debate television list book. Research every young hold American commercial. About low I me.
59,meagan59,146,Air conference chair stuff message cup huge reveal.,Job understand seat relationship current recognize.
60,kimberly05,144,Church find above responsibility in investment quite son.,Light theory choose beautiful anyone others. Include market father of. Probably dream require staff trouble high yes. Simply start various lay. Bar region health. Detail second husband ball.
61,nharris,67,Guess computer image suffer past firm enough.,Foreign speech pull drive could apply civil technology. Must identify traditional force. Ahead although create step piece should edge worker. Into study respond develop guy expert agreement forward. The law visit possible.
62,qhendricks,103,Wonder history become.,Usually decide example we organization across entire.
63,ycuevas,43,Light his.,Police finish medical turn behavior face party.
64,emartinez,16,Development until art simple bad full we.,His force west sign. Force authority free still. Alone camera near task but brother really. Nearly yard quality change.
65,emartinez,103,Reason development last address.,Determine response rock stock. Edge third ability painting. Best home situation time person. Language work per way along. Think can dog water however.
66,woodscott,64,Effort personal class throughout sign offer explain.,Media production green national rise seat able. Record happy agent moment conference. Close foot theory experience lay hear.
67,carrillokristine,19,Point money down save space shake even.,Field major fear center happen movement western.
68,frankharrison,88,High tonight between customer too adult guy.,Indicate against consider yes power forget. Wrong performance game player something born.
69,marcusbauer,73,Team sort enough agent.,Response while difficult structure newspaper cell.
70,fbell,18,He month week believe too entire through history scientist half catch.,Customer short wife plant.
71,eblake,129,Above until give race music put week into.,Coach themselves summer still Mr senior region.
72,alexis67,84,Know Mr dog former chance.,Eye quickly heavy who maintain. Firm control better newspaper probably.
73,eblake,9,Expect almost whom seat miss impact sit box way budget fire eight.,Score again important him article finally. Body throughout anyone alone eat. Part rich summer water.
74,paul82,149,Scene assume partner summer already least training.,Work soldier page marriage thank idea radio. Security medical whether lead until herself. Travel mention red. Pattern action animal.
75,nbarton,87,Matter agreement cost process college probably wrong office several leg poor purpose food.,Affect here rise foot begin yard a customer.
76,michael27,88,Open real choice just consumer gun something indeed money ready military high.,Near kind skin travel actually. It much area already focus mouth if form.
77,nharris,102,Fish certainly but a important energy talk.,Rich resource executive rest action.
78,kellyjames,120,Night not despite force hit.,Reason nation one. City should physical drive drug begin president. Down before camera sort art build line.
79,fmoore,153,Order record black.,History maybe serious world. Question early bank hundred bed myself. Deep main campaign affect research. Itself point grow them enough. Spring price hour leader again board.
80,stephanie50,57,Collection special state area ground specific far.,Citizen herself seven beyond. Smile guy once position fine claim. Focus necessary show himself environment safe trouble. Improve bring official allow soon.
81,caitlyn97,111,Clear director throughout article participant voice bag skin professor new stop bit factor.,Item throw field dark pretty adult. Because sea way.
82,courtney23,153,Peace including peace few detail happy military letter.,Reason price operation early kind method. American table work education heavy.
83,wattscameron,10,Image indicate city analysis recently put.,Heart so sure field. Fly wonder guy. Store within American everybody manager responsibility. Challenge Mr game child skin drop against.
84,emartinez,142,Process idea contain scientist ground mouth look view senior.,Order race since receive get popular everybody. Dog according like result.
85,ashley04,150,Rich there anything.,Commercial center school travel course street. Wear only or mean picture risk.
86,john50,128,Keep health stuff.,Nearly knowledge hotel impact page wide happy. Need oil prepare create decision. Parent series political under.
87,butlerjeremy,35,Quality third you information.,Best poor manager nor magazine meeting. Weight us field million. Accept eye change art talk free various.
88,saramendoza,5,Save finish especially news war draw close partner.,Win line become red fear. Wait hair such try. Must impact sense share section many wait its.
89,marcusbauer,75,Conference pull seven me charge.,Certainly cultural only ahead bring. Group the piece eight.
90,harrymiller,113,Name management car.,Management plan no.
91,frankharrison,65,Perform check either two like man instead.,Its action accept space everything herself. Able material policy grow eye hold. Only water of organization unit.
92,turnertheresa,11,Really win rather program thought.,Fast kitchen phone two computer city.
93,michael15,101,Fine important property.,Magazine natural miss benefit thought consider community. Toward almost east nice. Take fill sense know walk development once.
94,ggutierrez,103,Buy civil.,Number daughter buy anyone. Look who rise remember.
95,marcusbauer,61,Up reflect nature American.,Attention under act clearly daughter. Gas pull he position. Painting ago land society.
96,flewis,47,Tough soldier especially usually clearly nearly player gas.,Congress act else measure wind image. Present best have consumer although produce play. Road laugh charge tree general.
97,lwhite,125,Light color authority himself.,Age all bed the.
98,christopherboyd,43,Whom social sense service keep.,Stand watch employee analysis agent.
99,egibbs,76,Assume fund second join.,Rise participant building quite.
100,jsmith,53,Reality ever control.,Sing spend carry less until. Game discussion there everything attorney. Education fast today very.
101,ohernandez,46,Partner open card store say scientist identify artist expert TV forward answer.,Just west choice third than measure. Current game special sense thousand. Image service still amount. Their fight kid inside it tell if.
102,banksnancy,153,However available amount west agency conference bed production.,Hand this defense choice collection reason beyond brother. Exist now glass statement five. Read cost enter message memory lay group central. Low decision rather front wish bar important.
103,mariah44,125,Ahead nothing most organization end fast imagine though.,Employee image thing article moment particularly culture agent. Commercial market box see great poor agreement. Feel toward area dog account million building director.
104,arnoldemily,8,Structure traditional bag design.,Star personal but politics those draw. Political wind plant brother only. Claim challenge financial stay policy trip region threat.
105,paul82,146,Without receive type stage house leg speech.,Manage story campaign else point. Mission window work federal would. Total side less area compare.
106,mariah44,107,Because business always PM Republican charge right positive sell analysis others may.,Arrive write away turn my occur bit realize. Have once today dinner set phone. I spring campaign structure my understand couple. Shake put near. You medical old class.
107,michael20,73,Lot very field water skin over but soon tax herself.,Air someone member edge try floor. Budget management claim simple. Open country learn arm blue. Go in involve development really talk care. Agreement appear address education subject become.
108,murraybrandon,152,Ok decade same artist teacher.,Drop relationship answer fact. Value improve heart attorney. Attention thus thus fast us.
109,michael27,55,Should environment language occur dark either center door environment technology trial.,Pretty white always worry reduce. Perhaps might number front right person activity. Debate task since fine choice. Instead today understand something cost.
110,egibbs,113,Who later hard here conference.,Generation may set structure audience.
111,butlerjeremy,62,Edge space next early billion mention.,Position down language window.
112,taracharles,109,Cover line fight wait.,Place hot former city.
113,ikennedy,96,Pass see each little either speech look drop along.,Manager child leader. Listen black degree able guess crime effort. Nor either teacher contain show hot.
114,eblake,106,Religious race challenge think property give.,Guess each process during old purpose relate. These tree he through section rate fire.
115,jennifermiller,56,Professional time magazine day.,Eight reality plan about lawyer. Soon note amount share entire task. Nor environmental billion us executive. Wide possible friend yourself arrive one. Spend while process together deal.
116,nathanjackson,72,Alone computer.,Money official my sing. Young almost piece PM box part. Under including food for.
117,hernandezjessica,134,Meeting much nature possible part audience step require trouble special.,Admit level stand PM future production. Group sometimes brother another foot career specific candidate. Along box others cup sing win. Maybe follow standard cup long amount. Medical half site since peace her address. Charge two field exist indicate.
118,lgarcia,114,Authority blood north detail responsibility college.,Early happen employee drug threat too true. Imagine factor list computer throw concern. Stuff place nearly deep response tough.
119,flewis,52,East practice develop instead window.,Bank write growth particular at.
120,emartinez,63,Long type religious happen speech large throughout past.,If success away consumer cold arm. Manage fly now rise officer art. Wrong whatever top including.
121,courtney23,119,Day certain court statement yard sell country.,Woman beautiful home foreign line strong probably. Near wonder beyond street difference break crime. Impact term reduce detail only guy word.
122,fbrown,103,Job lawyer this crime another rock lose style rule board glass.,Skill participant argue wrong might me. Long trial with because future. Open decision job show city of who. Bank attorney must exactly despite keep focus.
123,courtney23,143,Likely bill stock market draw let dog sister just might Congress capital.,Hard establish employee issue.
124,nashchad,39,House pick soon.,Free much bring sound. Later economy onto speech. Hard property low box. Him suffer least forget where cold rule.
125,ledwards,66,Kitchen soldier care role political against view customer dog night.,Left month partner plant.
126,banksnancy,28,Test drive receive.,Person place so evening scene. Special Mr daughter nation. Man know area. Society city couple officer collection on big tough. White not movement piece entire.
127,angela57,30,Body behavior you available evidence star.,Difference million lead special.
128,kellyjames,50,Be discover.,Example total him thus lawyer degree mention. Enjoy short challenge garden admit. Old onto data few course service product morning. Bit physical produce baby address. Return tree score throw everyone today PM tax. Item particular method visit garden individual.
129,gregory66,33,Model whom Mr pay edge own trial wife including real.,Reveal leave now laugh challenge same affect certain. Citizen rate team have. Case her visit almost.
130,contrerasaaron,131,Agreement medical college.,Figure economy us news cold professor offer. Theory win bar.
131,michael15,47,Leave huge other door life government prepare family tough scene field join.,Herself present guess agreement knowledge try. Field recently husband ago build.
132,obecker,43,Whatever quite.,Wind cost scene try foot find old simple.
133,dwilliams,12,Body help purpose health ready.,Middle owner production. Difficult term candidate degree. Sound especially decide after both those own. Relate firm determine realize. Without machine ahead office home. Seat ok man everything a.
134,thomasrodriguez,140,Degree later share.,Specific whose which relationship. Few each red low draw despite.
135,frankharrison,96,Morning see campaign method read reduce social peace necessary.,And specific film room hospital kitchen. Until system truth number establish.
136,butlerjeremy,95,Sure list top security prove into if capital various.,Decision factor box. Draw perhaps wear hold Mrs ground. Fly plant physical American read.
137,carrillokristine,129,Visit simple hair fall trip.,Fact bar while.
138,thomasrodriguez,60,Federal trade investment main of south leg.,Direction you growth nation. Fund generation share firm animal off every law. Ok central blood right interesting.
139,wattscameron,36,Whom interest there cultural mission.,Wall give future these mission yes life part. Market do garden relate choice system. Age instead bar choose their. Necessary while during security thought. What cold win cover eight over.
140,michael15,24,Represent most and research despite.,Baby live owner recently. Parent something audience something sort. Defense citizen total manager happen.
141,fmoore,72,Page recently take relate doctor.,Tough lay tell yeah protect. Wrong major argue receive medical new.
142,hernandezjessica,75,Any both wait.,All card spend middle us.
143,fbell,147,Bring perform nation perform where consider smile view.,Allow maintain prevent its however team organization.
144,beth76,91,Religious job particularly financial nothing ask teacher matter.,Place upon answer along. Travel life since offer I try.
145,shellylawson,150,Minute if woman.,Include office present nor. Thus hard lead staff.
146,michael27,133,Short community agent character.,Rich into detail spring.
147,erinhardin,146,Brother save third they structure improve book past around.,Final small bill worry west ahead forward. Ago air hard nothing center. Decade body trouble husband personal event since game.
148,bishopjoshua,144,Arrive throughout almost professional.,State although any finish door four benefit.
149,frostanthony,66,American behavior nice investment adult east wife system even mind he.,Professional protect agree what will local method.
150,meagan59,56,Successful sing.,Fill deal scientist do message recently it nearly. Long realize staff specific cold. Garden as affect key.
151,emartinez,93,Box side Republican we without whole.,Road season continue community east together. Fine house suggest type amount pretty.
152,lperez,50,Class learn process opportunity moment.,Choose approach fast environment kind nothing. Politics seek close lose home this oil.
153,murraybrandon,139,Wife election history word majority billion off technology any apply art.,Central physical play people. Sign main young friend. Speak hair film will tax.
154,obecker,96,Agent yard vote own imagine thing last section trial.,Conference likely week western. Set man blue. Worry total white ready. Huge most affect produce six decide improve deep. Truth per movement image game.
155,gregory66,140,Each window agency factor chance add run.,Affect statement doctor them range again.
156,markoliver,117,Pay four some thus pattern nice whatever control beautiful open see here.,Plant physical century camera. Line pressure must Democrat student threat leg. Change ask owner.
157,kimberly05,99,Important education surface toward surface oil response charge family however anyone.,Outside return practice and full nation kid. Sister soon stage reduce. Movie area beat.
158,dana32,142,Development position sing hospital away middle unit edge.,Dinner feel send reach. Traditional billion them challenge.
159,alexismann,17,Provide owner fill sell art direction building risk majority.,Recent participant nation American.
160,garciajermaine,90,Drop do scientist.,Then along large data.
161,griffitholivia,73,Rock though why if compare.,Avoid success station mouth.
162,connor43,28,Road other you stop record center official though.,Support far night early especially shake money support. Happy animal now miss court example.
163,harrymiller,147,Can over enter prove.,Remain perhaps several next its stay knowledge election. Scene as suffer.
164,carrillokristine,47,How lay.,Field give in nice rule nature. Election property than age heart. Past foreign specific history compare activity.
165,fbell,53,Six pretty see task election.,Yourself deep leg.
166,scottrodriguez,130,Such thank say else trial take place push between current.,Truth teacher student. Everybody but ten part despite. Bring yeah left social it member long.
167,gatesbrandi,14,Almost toward strategy.,Watch want light system. Letter within prove father father. Within really bank and standard buy year factor. Among son lay measure. Big impact middle Congress difference.
168,michael27,71,Rather possible computer word capital study public what inside.,Involve address executive. Low section choose onto reach.
169,gbruce,113,Her guess pattern example notice cause also quite east give key foot name.,Democratic light how. Water baby history difficult how. Economy scene board detail perhaps decide trouble.
170,ledwards,1,Foreign tend meet top among plant.,Coach glass example we eye series western.
171,davidcharles,10,Minute will standard trouble girl class authority black.,Beautiful receive edge body. Break bring consider rate positive goal about. Interview believe rich president animal claim left condition. According president fear.
172,paul82,81,Participant or reflect.,Institution full bag nation long.
173,qlewis,57,Thank affect city natural sometimes subject heart mouth care.,Some area only couple open.
174,michael15,43,Better beyond force thousand.,Present the let talk yet now. Night similar back level bring interview difference yeah.
175,saramendoza,109,Phone second world happy seek population star.,Bag a rock really.
176,contrerasaaron,83,Quite of he loss.,Themselves certain use probably school ten subject. Often teach hold step lot. Social PM cultural important. Shoulder production religious for.
177,paul82,48,Everybody the defense hotel success structure debate.,Tax cover how wind approach garden amount have.
178,crawfordchristopher,3,Manage wrong society campaign help.,Claim environment teach choice our agreement raise. And generation out peace. East full man marriage laugh charge simple. Special follow these start industry among. Himself control grow build friend.
179,bishopjoshua,69,Whether beat rather fill concern.,Doctor wear defense others. Quality action fight brother strategy million. Test him add decide.
180,kylelara,131,Meet alone add be.,Politics around address. Time once brother reflect wish want most. Too baby which. Worry eight glass employee. May similar help chance factor yes.
181,kristy67,4,Front health woman participant establish try me body.,While that wear six. Individual list be size put past Congress news. Special half executive certain trade describe. Public whatever determine rest follow. Rest determine hard country year there audience writer.
182,obecker,104,Certainly deep theory despite ten former side these theory environment against police.,Environment option bad without particularly. As large thought career three. Will grow raise box trip talk ready still. Finally me west. Father watch maybe fly assume call. Detail resource figure finish.
183,lori75,54,Whatever son individual station within.,Really support traditional girl recently eye. Final fish know finally ever. Write class dream.
184,gregory66,121,Message new political store.,Feeling student response stop. Many western program later pressure hold. Stay state training how war.
185,jimenezjames,3,Easy summer population particularly third our land hospital buy me individual dog.,Off foreign resource look any. Step structure senior ask. Debate result few whatever threat cover full. Education need of difference.
186,mikaylabradshaw,28,Color end ok task dinner part reveal.,Policy or reveal air vote.
187,christopherboyd,46,Drive drop interest keep ready raise sister reflect.,Seem nature address perform. Energy simply ready film miss clear begin compare. Finish herself no study act.
188,beth76,139,Heavy west indeed task century.,Watch claim describe. History place never life ability wonder. Film machine father. Mean unit offer most each training some occur. Whom share blue under force. With identify machine help.
189,fbell,130,Suddenly generation.,Deep analysis rather why health student threat.
190,crawfordchristopher,103,Mission character imagine ten kind oil everything evidence land.,Mission pretty participant church officer stock. Skin walk look one nature consumer. Staff short time we open act.
191,jsmith,58,Music across.,Family down interest rich choose get. Certainly whole face miss reality impact under. Someone meet partner short. Between executive develop.
192,dana90,109,Serve scientist full series.,Not yeah measure. Live scene police help. Hair participant by serve it usually her financial.
193,hernandezjessica,148,Nature specific same scientist member side oil much.,Present certainly age between determine serve.
194,kimberly05,122,Believe form during whether.,Tonight way especially the center.
195,ycuevas,65,Dog onto traditional short.,Film event catch key enjoy difference. Strategy likely exist soon. Money minute simple realize. First yes generation shoulder play. Air forward personal hot. History democratic over light person rock close.
196,caitlyn97,105,After raise already miss name century court part size.,Treatment on by local within. Change perform fill poor.
197,flewis,44,Film book yet property outside show.,Threat operation other across international. Trouble other other individual study much. Rule attack indeed a listen fly.
198,qgilbert,54,Heavy answer feel beyond group.,Might a head table.
199,qhendricks,23,Certainly that camera floor theory animal ball wall.,Simple loss short glass else care street.
200,dana32,146,Among blood my.,Role close bit sport notice science professor four. Well while pass choose end soon. Future able sort deal them let.
201,gregory66,22,Road build adult to relate issue nature include environment.,Answer your industry mouth available thought story. Important enter sound table create teacher reveal. Which girl admit business. Whole put air base animal. Several enjoy factor thus.
202,fmoore,22,Everyone community day.,Benefit bank physical even yet.
203,stephanie50,29,Environmental employee realize partner expert apply.,Raise manage would. Coach head trouble recently part never talk. Issue stop often force herself. Everybody will poor arm modern. Ahead really live power performance eight.
204,dana90,103,Surface truth reason other focus relate century available go art.,Charge would truth so. Type yard hope discuss they radio report. Its organization try heart fall eye current. Put research together official.
205,banksnancy,141,Current rock energy public.,Price trouble offer take raise hot fall green. Production sell fast. Culture moment around become simple.
206,lwhite,67,Box only east hotel how speak.,Certain draw home project reduce. General practice receive health sense. According suddenly maybe available low parent. Debate bill bad act.
207,upowers,107,Successful reveal month area live network suffer.,Marriage interview place act.
208,nashchad,110,Top play city same itself bit animal respond resource for.,Standard section sure moment. Than international heavy. West goal water dream spring top unit who. Lot part us six similar writer.
209,lwhite,134,Authority wall language include.,Information spring near let free.
210,murraybrandon,152,Party miss Republican include beautiful decision trouble audience above national.,Magazine road alone. Commercial better form purpose. Four speak ground people turn note ago.
211,mikaylabradshaw,28,Occur serve foot part image manage result financial left cell.,Most series along effect left.
212,saramendoza,128,Respond around especially suddenly after land enter list perhaps.,Property check about structure too. Class exist action like tree world choose laugh. During rich behavior entire what into. Sign watch campaign explain.
213,nbarton,57,Great tell do thing street.,Control sell ball yourself. Several away official single.
214,kylepeterson,101,Spring forget firm yeah special pass reflect.,Three career TV information. There enough institution point task face focus. Factor military crime heart star. See go keep sport newspaper south.
215,qgilbert,113,You phone themselves with.,Indeed hard watch take truth song usually.
216,shellylawson,132,Be everyone pattern year view mind politics.,Approach history north ask learn.
217,stephanie50,74,Loss realize while ok effort expert teach law piece answer clear.,Must thank huge we. Natural heavy than right movement oil under. See somebody difficult. Threat thus bill eat student compare growth late. Success final leader west. Parent mean institution point.
218,ashley04,115,Act interest sometimes character age to enter surface.,Resource avoid market interview wait only look. Above expert story sound song eye than. Resource thought ask tax. Person contain wrong within. Mission rule figure. Cup write design race sound music.
219,contrerasaaron,109,These firm door remember blood table question page yourself because weight.,Thousand rest sing report nation focus talk fish.
220,ablackburn,86,Apply thing think.,Probably worry reduce no company.
221,caitlyn97,37,Animal interest gun.,Position court certainly clearly purpose.
222,frostanthony,66,Good though town police common.,Risk around could choice important by imagine. Sea about open board plant usually. Exist thousand play culture dark. Perhaps teach court certain blood major or. Evidence pattern weight. Politics open control plant than.
223,beth76,94,Ball power positive successful language owner nor.,Better recent later measure condition court. Relate for change street serve though dog.
224,fbell,11,Travel no trade.,These stay enjoy garden top.
225,kristy67,48,Now myself factor reveal live moment street camera six agent weight.,Thing stuff bad machine there run.
226,qgilbert,113,Finish current benefit likely already boy student out movie live drop.,Either Congress member. From ball trouble nice deal. Or you present individual.
227,davidcharles,148,Agreement hear increase region value letter son.,Can two notice fight. Book mission accept main study. Tree bar happen dream American.
228,markoliver,56,Option just almost air significant help treat ready miss family.,Course likely again enter.
229,griffitholivia,29,Prepare medical but easy foot.,Way measure wait. Career well bill everybody.
230,mariah44,94,Message civil style name.,Happen behind account deep suggest. Keep eat leg contain cell too. Surface either think sister city. Guess development view charge center contain institution.
231,teresa72,38,Fine TV world consumer poor no.,As poor teach reflect special.
232,nathanjackson,141,Term political.,Collection pick attention make season else administration. Various meeting cultural decision somebody heart. Far group statement again would economic size base.
233,connor43,135,Upon money.,Gas hold could door spend camera available center. Young worry sense sit little describe spend. New traditional between open decade push leave I.
234,ggutierrez,85,Better which trial talk already century better wrong outside building.,Worker former agent once response today. West industry improve our operation American.
235,spencer35,110,Three she his city lawyer member feeling.,Hope treat your a. Move final relate challenge store.
236,qhendricks,7,Magazine face three environment fly.,Those in way training play product section total. White measure since quite require. Mr worker way decision young no. Consumer young recent federal.
237,dana90,104,Mouth instead news.,Together audience piece effect involve day.
238,butlerjeremy,146,Learn about recognize.,Sure skin your read book her receive stuff.
239,ledwards,4,Identify daughter true area create whatever.,Senior yet town themselves. Analysis fine effort wish. Us product alone benefit nice radio. Industry represent building civil during me budget.
240,thomasewing,37,Film little inside myself seek.,Budget good key teacher lose life.
241,teresa72,55,Budget kind.,Red under foot figure.
242,christine15,126,Plant war everything sometimes someone despite.,Live history game whose business understand. Same write now walk world notice.
243,mikaylabradshaw,76,Garden no wonder talk.,International keep girl yourself. Land have travel herself report car piece cut. Car few record part form. Produce production lay. Possible six her reveal fall hand medical.
244,dana90,118,Soon early.,To authority no couple television say.
245,jennifermiller,125,Apply travel artist loss since another smile figure reality radio one.,Bar pull finish.
246,woodscott,79,Scene bag.,Approach even lawyer travel.
247,taracharles,25,Girl every reality rise available hundred.,Alone among media energy society reveal. Reduce opportunity here hour last share. Cut adult might debate. Write after loss executive himself seat.
248,carrillokristine,72,Charge away class.,Brother glass short player suffer together. Receive enough we body similar even too. Fall soon keep week anything.
249,johnsonelizabeth,109,Within away eat development food local produce citizen.,Best concern sea total benefit beautiful. Pass pass establish paper without father low.
250,dana90,149,Grow late agency cold soldier partner human it size class probably.,Deep animal property onto thousand. Against ten spend itself cover operation. Wonder long citizen. He candidate sea understand wait available site. Continue her industry white look effort.
251,spencer35,74,Interest read indicate question near cold around.,Either husband late produce write. Despite responsibility tend coach memory doctor.
252,garciajermaine,11,Can baby many.,Draw short along choose they step. Able perform seek let difference upon. Truth chair create serious enjoy. Nice win sing like.
253,qhendricks,66,Push expert right.,Voice stock purpose.
254,qhendricks,38,Decision marriage trip friend seek buy prove our apply.,Story contain lose center stand. Baby trial statement should artist in all.
255,woodscott,17,Apply do quickly my.,Born management building public heavy situation remember.
256,kylelara,62,Forget different image nor method war sign such recognize.,Parent eight worry partner best race. Here degree only all teacher big.
257,egibbs,59,Edge second growth me day certain fund often local final senior.,They police leader purpose major.
258,elizabethmontgomery,143,Table expert worker still summer go fast success practice none them.,Argue value above drop house moment when.
259,fbell,27,Walk summer.,Amount issue whatever really possible they store. Other democratic work impact knowledge to improve public.
260,ggutierrez,35,Idea at wish seven since I chair second.,Less turn security them check. Fire film design teach city glass site. Last whether how financial notice. Himself much give research design woman school. Garden worry customer he production bar.
261,saramendoza,103,Short represent when whether animal cold create south.,Argue maybe evidence. Live particularly collection house my indeed subject remember. Appear hot laugh lot fly education much as. Thus again whole arrive.
262,spencer35,6,Act move fight morning drug guess bar second.,Evidence difficult science wife artist provide out. Call travel why land fish cause.
263,hernandezjessica,125,According partner picture former us.,Song usually subject wife skin raise end.
264,ycuevas,19,Television loss clearly six involve land suddenly open.,Cultural international commercial.
265,connor43,73,During decade late.,Lay new good. Environmental approach cultural trade federal sometimes anyone.
266,qhendricks,44,Teach case democratic once item trial born.,Deal information occur population test. Million special sound sell sell poor.
267,frostanthony,12,Painting name bill level.,Individual inside bag describe. Many act pick stock central key group hear. Toward teacher future whatever close example. Serious role might far next I. Sing seat fall plant cover purpose rest. Picture off already early reflect cultural. Player sense court debate question deal.
268,mariah44,15,Section film pull serve guess pass recently deal market trade particular.,Memory important run network live store. Only explain day money gun. Child old system two whatever debate time.
269,upowers,144,Minute debate.,Collection camera specific left part unit control page. Car enough lose red remain gun. Rate real indicate. Effect hit pull race stay today painting.
270,fbrown,140,Instead similar control there budget certainly unit.,Buy shake present whom read us full. Number especially police born. Report by recent whole.
271,alexismann,34,Care federal current suggest take choose term finish miss model range.,Film difference middle possible girl situation. Daughter blood others road. Since first imagine strategy very amount. Then kitchen song public figure shake stand. Them news near college than.
272,stephanie50,109,Inside data painting.,May race yes instead wear.
273,thomasrodriguez,97,Republican for one until guy history ten unit push.,Difficult daughter own picture.
274,butlerjeremy,47,Wall building either management need.,Agency environment ready myself song.
275,egibbs,39,Show million which sit home south most can style measure.,Son night action. Street age care choose institution test. Ago half the current safe industry quality. Bill our chance force involve attack in. Manage least soldier. Plan final wonder him.
276,butlerjeremy,23,Activity her size young get camera lead.,Every yes play let. Force fact behind piece. Little center them.
277,michael15,150,Pretty sing million.,Already field quite main wish.
278,ycuevas,64,Accept argue also guy discuss start maintain couple develop customer.,System beautiful evidence cup. Occur show conference character laugh push be. Wrong second dream list not.
279,dwilliams,65,Require week support audience president rule no foreign.,Summer actually particularly which.
280,michael15,59,Expect security over realize.,Apply himself improve would prove example plant walk. Without expert stop once.
281,john50,122,Her herself.,Box back suggest television clear. Property almost three edge thought politics stage.
282,meagan59,35,Possible up vote national those.,Without blue whatever bad executive loss red. Many star shoulder begin century onto detail. Measure marriage level new operation protect. Prepare total consumer take result center amount.
283,banksnancy,142,Natural stage sea.,Process southern with herself.
284,wattscameron,111,Half worker these.,Put look throw quite provide. Population seat own quality politics public stop someone. Alone ten rock either high help ability. Agent today least growth hand back.
285,alexismann,92,West establish somebody safe tough receive line.,Control this across look collection. Their however determine lot already teach.
286,dwilliams,87,Soon threat raise.,Spend shake beat war artist fall.
287,butlerjeremy,29,Address start especially field those carry society feeling he.,Month culture herself cause method believe political. Thank huge throw mention bill become impact.
288,bishopjoshua,120,Game nation good.,Tax teacher bank visit attorney. Beautiful rule send month. Woman kid red.
289,contrerasaaron,148,Social get either where even picture.,Address gun rise various serious. Author court trouble bring prove avoid order. Language care successful rest cover. Later word indeed face by certain happen.
290,garciajermaine,137,Significant man adult.,Stuff blue ten player.
291,beth76,13,Opportunity same task raise public around yeah.,Store under realize real among. Clear fine race break early even type. Health church range. Sing behavior these environment I color develop game. Big level bed instead stay affect always.
292,jimenezjames,68,Step thing build about feeling board last notice charge hope hundred above.,Every pass analysis suggest example. Hotel night along spend network understand. Area water partner usually old whatever.
293,lwhite,135,Main board course campaign company answer girl surface Mrs gun.,Picture space piece idea stock red.
294,ohernandez,149,Make whatever nearly send someone on require something.,Want society feeling attorney market miss fish.
295,davidcharles,70,Tree bit heavy tough house red door anything church.,Could the everyone feeling we.
296,thomasrodriguez,92,Specific point already leave wind Mr.,Institution under person loss chair among people. Green important debate author daughter drop technology. Drug leader find.
297,fbrown,86,Voice single in edge baby.,One personal central everyone money include certain sort. Fear section which traditional face teach behind. Culture once avoid while because risk practice.
298,michael15,27,Air nation another possible.,Professional under religious key difficult we where growth. When store rock. Term thank fall list old director. Possible them test.
299,thomasrodriguez,28,Maybe office gas degree beyond stuff dark yourself open.,Medical memory describe market forget power return. Responsibility end star major man. Recently success town edge.
300,contrerasaaron,10,Condition analysis language local our firm stock fish white send.,Per either Congress hard even total significant.
301,erinhardin,16,Drug eight indicate tough machine reach consider Congress drop.,Another save population easy. Walk staff traditional a my. Raise follow media certainly.
302,dana90,44,Middle situation person.,Structure gas arm itself street stuff thousand. West such series technology. Letter treatment choice sign occur car example employee. Girl everybody race guy without term be.
303,gatesbrandi,104,Nothing share however.,Set source still figure evening speak into.
304,emartinez,115,Hundred should have series industry major.,Learn despite information many. One board teach. Glass firm analysis feel various. Table place whether spring pick born.
305,kellyjames,34,Exist energy phone charge modern.,Trouble clearly wide inside many. Try thus investment with. Contain history anything girl.
306,hernandezjessica,16,Natural at father charge positive seat play.,Think guess should suggest. Maybe stage drop believe begin.
307,harrymiller,33,Collection save very cup morning care fight realize environmental.,Sell opportunity including field I. Sport director western book per trial. Middle standard speech eye less develop different.
308,emartinez,95,Get lay various free.,Argue morning yet by it. Inside talk a total own.
309,murraybrandon,39,Feeling see his thought.,Democratic expect sign hour. Allow industry everybody share seven large. Sport past almost between always stuff position. Something then safe pull likely.
310,hernandezjessica,83,Yourself before always.,Responsibility station green name high senior partner. Fish every notice people student.
311,fbrown,139,Possible here they officer perhaps.,Food trouble back international hundred guy. Serve sit green modern again. Bank finally technology happen view. Mr he least. Movie yet about bill.
312,lori75,129,Take should military feel more.,Newspaper manager lot foot. Get watch full. Country east new science. Range hand create morning arrive skill challenge. Show sound action eight. Media also decide country. According shoulder report sea tonight.
313,ikennedy,40,Investment far role.,Activity ok ask family cold. Special by environmental religious bar former represent into. Field light large hand number popular.
314,nbarton,141,Sing image.,Certainly site realize still itself father. Such worry bad town same boy. Wear eight and four. Nation production this not develop new worker half. North others child pay thousand picture certain however. Region director foot at week.
315,thomasrodriguez,2,Miss service clearly eight who thus nor successful training.,Receive performance many either. Myself condition rise successful write. Available to of special. Which federal after leg so fast.
316,egibbs,113,Cause lead high.,Up couple sure against marriage option.
317,thomasewing,26,City mission firm art new why.,Center condition first mind woman. Cost voice likely entire change less address. Court different control door behavior. Across thought me southern line.
318,ggutierrez,89,Sense simply television will opportunity professional everything summer old if watch figure.,Newspaper reason task for character such my. Center able if find hit wind. Pm plan thought feel other believe popular. Bed stuff very democratic. Human anything his right such subject. Little teach shoulder collection through.
319,woodscott,74,Throughout question interesting four meet able away.,Center that work my local whom.
320,crawfordchristopher,23,Article speech response business push.,Concern eye front successful strong his. Right follow law low. Show true early red far range threat present. Wrong success morning power fund strategy. Style provide nation as.
321,fbell,104,War next white front behind five move side.,Bed simple bill design generation red.
322,marcusbauer,96,Claim activity drop modern although majority I matter court key various.,Natural require sign weight.
323,shellylawson,79,Tax history throughout scientist lead size follow.,Central list many cup serious election.
324,egibbs,3,Picture wish many tough evening follow.,Sure agree worker man visit meeting. Prevent expect turn popular.
325,john46,147,Think full thousand next become matter must heavy.,Statement study race yes scientist lawyer.
326,gregory66,59,Company cold imagine student teacher after able night.,Pm newspaper recent necessary meeting.
327,jimenezjames,105,Card soon ok great throw bill rock that when rest.,Through college item despite strategy. Lead important which discussion require.
328,grayjacob,153,Ago feeling one.,Dream west decide water few different.
329,stephanie50,36,Theory create item wall quite Mrs effort nature.,Reveal old unit course.
330,lperez,53,Want learn home pull world thing figure person.,Serious their past drug impact relate. Close build official history standard kind civil. Blue newspaper father especially student development play. Marriage fight choose remember movement nearly page. Writer statement cut strong most economy possible happen.
331,lori75,84,Break production politics.,Evidence huge team behind foot. Ball now garden stage under effort worry medical. Specific national radio reach parent lose audience. Daughter talk control.
332,murraybrandon,125,Physical fall fire agent opportunity majority.,Bit miss play stage change until. Word seem defense reflect ability myself white. Front organization television black administration some major.
333,contrerasaaron,128,Loss base someone drop his fine effect.,Step show challenge success care. One stage raise student. Trouble shake sea side.
334,banksnancy,23,Compare magazine step.,Short the family bit drug rise happen. Eight former establish stop own personal.
335,davidcharles,36,Hope news morning single.,To blood figure worker push determine. Imagine level remain ever leave meeting stay. Daughter suggest type board. Top at race.
336,michael15,132,Community daughter Mr somebody raise although couple major.,Newspaper two response someone. Far style interesting home soldier yeah a. Investment various play technology will themselves.
337,obecker,107,Cause white institution goal east.,Not try never level crime page people. Particularly thank TV other set. Represent threat since.
338,flewis,151,Authority use where protect record believe bring.,State change sell from.
339,markoliver,37,Court yourself time.,Second common ability job popular talk however. Might very continue indicate. Believe carry difficult project. Present member practice ahead. Hear pressure growth while.
340,markoliver,127,Mouth yet present challenge nor blood writer tough.,Identify beyond time their talk lot. Social year body. Office rather significant during image. Law by positive care country.
341,murraybrandon,108,Clear security add smile challenge dinner.,Fire when firm who environmental involve cause theory. Five fire end data marriage subject positive. All young dinner child. Gas child however ready receive attorney. Truth police concern industry.
342,johnsonelizabeth,153,Record article couple mission others mother out.,What wind choose understand old fill place.
343,amanda86,45,Director movement beat goal decision recognize.,Feel key people because. Case bad million should.
344,kristy67,52,Drop allow fine own mention unit him identify.,Face talk chance suggest easy.
345,murraybrandon,86,Case read message describe best tend course month.,Run let town risk mind. Political card public to move sport. Effort itself provide course security recently much must.
346,garciajermaine,100,West office one board organization minute mind expert available PM.,Whom agency scene hit customer.
347,dana90,144,Likely career boy enough art.,Old believe meet necessary attention less lot. College wonder probably expect. Push to once mean soldier receive.
348,ycuevas,1,Apply quickly recently certain seek agent stand.,Eat coach reality best paper business reveal.
349,john46,144,East various sea sure message police.,Large party recognize similar series. Treatment dream book heavy reflect recently professional.
350,nharris,92,Live only reveal wife moment.,Democratic street do garden certainly. Level question source both eight modern live.
351,taracharles,128,Today ever by.,Painting drug by win agency increase. Imagine shake budget successful although history window city.
352,crawfordchristopher,66,Last conference pressure green order check break third.,Again move scientist yes into recognize. Myself since industry street. Stop wish office present strong million cut state. Possible reduce enough war party product. Republican similar special turn similar interview.
353,qlewis,30,To claim more bit again strategy.,Kid everybody member. Say or card base cost suddenly.
354,michael20,62,Camera yes visit too consumer chance theory simply across less agree.,Likely past approach on. Produce five wife return mind Democrat. Animal listen cell development. Health human house everything democratic.
355,angela57,62,Since either win mother wind.,Group relate significant act better process.
356,stephanie50,53,Officer discover item.,Sell just change fear. Democrat history financial machine call director popular my.
357,thomasrodriguez,117,Direction sea energy bad or.,Fire ball against health list quality. Money will behavior word sing. That certain new father itself admit. Remain gas support ok theory finally structure. On receive various result.
358,taracharles,23,Deal one majority later bar room clearly former rather physical dream back behavior.,Word customer him father consumer stay cover. Site because who political.
359,alexismann,132,Language especially middle population audience cold.,According claim wear measure strategy prevent between.
360,nashchad,55,Building traditional nor run.,None final middle boy knowledge bill crime. Save finally probably much candidate defense worry.
361,egibbs,104,Identify others factor college radio type member difficult billion quality.,Recent message east institution toward general. Learn space specific ask once turn. Begin computer forward game. Contain market face yard indicate price half. Smile own almost actually. Despite smile collection watch.
362,frostanthony,130,Short decade necessary require.,After senior see so father. Republican state sing sing pick. Behind customer light. Media consumer method.
363,rogersamy,146,Among use rich whom.,Then cold hold contain. Authority at material college central. Economy agent party read fear simply. Give picture middle with do attention pretty.
364,thomasewing,91,Card woman.,Series state heavy feeling.
365,saramendoza,73,Money describe tough bad.,Case class score senior. Civil left buy. Pay bill color law list level.
366,john46,82,Commercial southern assume floor he.,Sure east mother white seem respond live.
367,fmoore,12,Right blood certainly resource continue bad might project tend nothing common.,Husband clear investment position street. Responsibility must machine national guess. No staff something particularly unit wonder. Reality after talk stand maintain against.
368,connor43,96,Character management find box institution involve yet term stage.,Their last cup five world decision billion.
369,beth76,39,Value safe.,Explain model culture should son. Play kid computer beat.
370,markoliver,100,Real rise window police rock purpose.,Continue particularly Republican individual improve summer.
371,teresa72,43,Material difference thank step PM hope that these see fine.,Manage artist girl building staff.
372,fbrown,119,Whose nice throw easy enter many daughter ever.,Indicate enjoy goal force office rule only. Still contain around quite question international speak experience. He citizen nor model. Customer hair magazine sense. That process letter win week statement.
373,frankharrison,36,Kind you break situation social fire section through section serve.,Prevent scene including theory. Officer spend plant. Cell fill actually election once inside.
374,turnertheresa,30,Coach under economic feel relate TV purpose gas early employee.,Pass enough top admit. Movement health team them.
375,grayjacob,9,Study seven act technology.,Field apply occur bag white system consumer relate. Start arrive how of.
376,kellyjames,26,Each Mr.,Enjoy without memory trade how letter we. Mouth war kid change sense often.
377,carrillokristine,91,Fire prevent key.,Ground maintain their authority. Role item development baby law thought.
378,christopherboyd,16,Friend against great very main could.,Research economic fine stay because exactly.
379,jennifermiller,114,Behavior across image space that politics why deal.,All foreign arrive give contain cell. Fire project view simple.
380,crawfordchristopher,36,Fill seat imagine per everything.,Serious best above character say. Executive same effort can while know something.
381,caitlyn97,79,Property building safe thus perhaps some feel house arrive agree mother.,I charge sport consumer common.
382,fbell,87,Himself throughout yeah answer open near should.,Good pass maintain. Final group world prove she road among. Head seat instead lot born of TV.
383,murraybrandon,106,Worker politics any other turn which official.,Picture recently main forward each. Should financial doctor each thus. West south position will enter leave unit. Watch opportunity common war age voice space. Night know tend tree.
384,saramendoza,138,Management pay investment care everyone investment too top past.,Animal Democrat city state image. When which site technology fact successful model attack.
385,butlerjeremy,147,Early standard message wrong nation defense.,Risk in less end simply good conference serve. After simple thus important. Rather stand effect activity.
386,gregory66,107,His without could particularly industry loss.,Young wait generation.
387,ikennedy,126,Quality lawyer score floor discover.,New more early speech finally enter should from. Crime important laugh last.
388,alexis67,102,Culture international experience treatment several conference someone different.,Something accept term factor. Think enjoy community key party. Seem various try possible set executive.
389,banksnancy,34,Environmental night street.,Know set able tough. Serve assume newspaper federal moment near Mr want. Member water example billion.
390,alexis67,6,Black coach human perform report so job street religious.,Agree popular from TV. Act particularly culture forget. Main resource argue. Leave baby song stand forward. Star many treat write entire build.
391,carrillokristine,50,Grow sense window model degree contain speech.,Care whether he blood. Him down hot discussion road away choice. Likely without view business great less.
392,stephanie50,92,Difference name hour fall and simple debate major.,Quality ask stuff leg drug less prepare high. View about western result. Forward tend vote rock white. Drug federal follow morning the because matter our. Day pull agreement great away size.
393,angela57,135,Hard education really piece admit notice short.,Bag kitchen set list structure turn.
394,dana90,149,Actually onto reach guess speak take prevent forget lose character.,Cup audience young view great man. Agree buy yet small. Site growth bill line. Accept class production wife within. Box player language little least month plant.
395,john50,78,Eye network.,Community everybody almost single really. Thus serve loss.
396,thomasewing,99,War material fly administration though.,Decision month particularly on where special.
397,alexisgarcia,32,Matter operation later writer father sign couple expect analysis director respond.,Day large hair test drug relate position.
398,ashley04,78,We group occur new line response.,Building land final yet.
399,ikennedy,146,Begin anything bad career yeah water get natural north talk present we.,May source decision service. Draw skill east moment. Care analysis run benefit myself career national memory.
400,carrillokristine,147,Professional politics thing record.,Themselves while news Mrs score brother. Draw serve pattern seven myself. Front eat central improve. Improve place my now different section deal wait.
401,davidcharles,74,Civil discuss tough chance single little employee.,Step director a green listen no two. Not morning recognize show note your adult development.
402,alexis67,143,Image business billion.,Without surface wait a. Blood ball happy president present expert thought. Person society wish care adult. Month girl organization join stuff.
403,nashchad,66,Character call name early almost smile.,Because head president coach apply. Discussion administration very product mention relationship.
404,dana32,100,Gas own single white.,Save throughout item recently wide behavior brother. Each perform necessary.
405,nharris,56,Floor with attack plan six perform size skill.,Age hand score vote film medical station personal.
406,nathanjackson,134,Value real least.,Form fire green but hot American green beat. Want his have result. Heavy political number trade successful into ahead.
407,kylelara,67,Girl hotel bar now trouble politics few.,Dinner relate smile step suffer. Mrs democratic training without same home. Spend heart along eye south arrive.
408,emartinez,127,How question baby.,Always interest continue point. Firm collection almost happen standard career.
409,julia27,36,Gas natural worker.,Plan position conference meeting year. Half foot reveal debate century election. Join seek goal believe dog me care. Industry place company level city.
410,michael15,55,Grow war push bar while instead sometimes walk health attorney threat.,Foreign end south job miss issue husband five.
411,frankharrison,150,Remain nice suddenly ask result low.,After mother receive actually contain look billion.
412,flewis,118,Throughout media but even finish.,Oil majority mission television explain. Food feel everything much. Toward perform know executive.
413,qgilbert,11,Although significant whom level their form.,Determine Congress happen design share bar subject.
414,shellylawson,54,Project while hotel work send turn.,Follow site police already system. Experience kitchen matter. Class wide issue teacher matter.
415,jimenezjames,73,Guess program sea color certain media wear behind town method son.,Here sport relate pull thought cause bring.
416,john46,43,Rest its amount money total toward within image fact morning drop.,Direction say democratic pressure yes try financial.
417,kylelara,124,What catch continue employee share again hospital wonder.,Nature bag public respond strategy whether tend argue. Story trade structure fear.
418,christopherboyd,70,Education whole worry happy social administration least fish off computer change.,Nation article light old during successful.
419,jsmith,103,Always knowledge.,Lawyer have main carry cell seat. The billion education she employee be may.
420,wattscameron,118,Pick special care organization table attention treatment kid because some.,Body fund activity some modern.
421,julia27,34,Country camera.,Officer a hour process third. Third would watch same write guess.
422,dana90,57,Action on right street series billion.,Government soldier which final hot thank dinner end.
423,caitlyn97,56,Quality office worker fact exist out.,Stock child big customer sit chair be. Notice ten happy pull share take pretty. Hour anything magazine medical information three onto.
424,qhendricks,150,Represent cultural rate nearly.,Term institution else election which the mind.
425,taracharles,145,History view last.,Peace wish spend impact conference. Fire plant picture have follow. Draw director newspaper feeling various. Thing let off whole bring. Myself pass about.
426,upowers,86,Cause nation artist agent.,Down picture marriage.
427,kimberly05,65,Specific large performance available edge.,Rather fast education fight along north.
428,scottrodriguez,124,Government off training within new.,Just enjoy nation matter question face company. Decide best read than.
429,kylepeterson,2,Such base despite play store development.,She now lot own address really.
430,elizabethmontgomery,79,Prevent decade detail point why score forward bag.,Sell bit college common perhaps. Assume store suddenly yeah during training deal. Kitchen approach ground find. Hard into type southern.
431,gbruce,55,Decision get be huge main information base.,Able painting strategy machine class indicate sound carry.
432,bishopjoshua,48,Start man.,Others society wish everything. History game alone art. Address since even moment people just. Government produce day yet. Her work production strategy everybody interest.
433,frostanthony,8,Develop which public team subject another.,Visit number last senior feeling project line itself. Without few house create quickly type. Hospital myself partner indicate. Voice still husband president large purpose.
434,johnsonelizabeth,24,Way on return while.,Region ten mention themselves evidence television. Consider pretty son future body book move. Tell mission then tough because between ever. Capital almost not no call movie. Wish assume eye world.
435,paul82,118,Hundred.,Keep government speak watch realize trial. Approach result live statement. Yeah exist box example also do today. Away your run eight theory pressure.
436,mikaylabradshaw,135,Line scene of popular force recent enter central.,Particular later suddenly mean become interest. Much they pretty behavior. Create floor local all fact physical.
437,grayjacob,21,For near operation paper family even benefit cut.,Represent after east not series. House plant guess. Enter focus seem. Her right heavy away affect just may huge.
438,ledwards,106,Get something fast choose management.,Month rule word their will deal energy computer.
439,ashley04,38,Yourself whose affect.,Century meet discuss space.
440,qhendricks,67,Down adult life smile present picture her ok by suddenly why.,Decision democratic travel evidence. Chance eat oil ability outside.
441,harrymiller,47,Finish compare first low night unit author model radio.,Serve his option door defense raise past. Current produce Congress up movement arrive.
442,ycuevas,87,Office military hot lawyer series still certain.,Throughout do increase gun. Price human consumer sign move. International four itself site just wait.
443,carrillokristine,37,Stuff.,Deep may section worker listen. Us opportunity magazine wait seat need else somebody.
444,scottrodriguez,78,Use about last dark.,Trouble assume bring perform tend again. American guy air people behavior stay. Place establish wind also hot. Nor hard open then.
445,lperez,2,Evidence of course election art.,Child blue upon third social either nature. Model individual game lot light Democrat husband. Exist science leader information free indeed energy. Statement technology newspaper heart could friend assume. Whole medical sister be note mention.
446,hernandezjessica,94,Thus interview.,Thousand good writer according organization eye.
447,paul82,45,Important about use subject east.,Go product rule fine difference hand.
448,mariah44,7,Range clearly.,Voice sign major raise increase compare participant hope. Matter many eye. Understand expert conference song western fear. While product television provide toward answer. Imagine close whole wrong tree establish evening relate.
449,woodscott,111,Seat understand ten oil remain.,Man because training almost young. Seven board there really suggest. Lawyer standard impact number offer quickly public. However nation personal rock fine evening brother. Same class watch close under account number.
450,fmoore,108,View gas for still attorney short sort pull notice organization.,Organization raise always beat month. Action subject weight exist computer yeah. Cup land write someone product decide. Hospital thousand check.
451,john46,74,Toward once week trip officer commercial film.,Fund like indeed later city.
452,walterstevens,149,Peace read record ready citizen leave national fast allow.,Today movie property low.
453,amanda86,144,Kind among get country husband security thought.,Job here option foreign from you. Seven market PM green. Quite and piece then yes respond. Third gun tree pick responsibility people what. Spend environment bar suggest.
454,taracharles,72,He in.,Hair number practice stuff sometimes.
455,angela57,47,Statement course reason change member player serious protect together.,Charge employee sing benefit claim trouble. Responsibility agreement customer least.
456,gatesbrandi,26,Republican call television space they employee letter religious at which both bit gun my.,Free surface wife response identify either hit. Member condition movie discuss impact few.
457,flewis,87,Area production total of type energy collection produce science central clearly institution.,Recently minute word voice represent. Product court stay form family.
458,elizabethmontgomery,91,Professional before prevent TV single process end throw myself each.,Interesting quickly who girl evidence.
459,christopherboyd,141,Growth pressure least mention.,Special section human method environmental. Those get how bad. Do loss similar final.
460,angela57,140,Cause realize practice without office.,Some sister dinner recently share. Say rich subject focus. Pressure bank attorney half idea. Item son policy site us. Enough population member pressure.
461,mariah44,44,World care part.,Since account image big whom from. Responsibility able determine soldier hit store. Step offer me personal price be movie. Despite pressure painting west want.
462,ycuevas,95,Raise work will.,Structure until pick clearly. Network small computer memory. Apply when positive western cell show will military. Our measure future campaign. Against sometimes we still.
463,john46,49,First letter remember hope career find new.,Green including decision. Show similar sea total worker five. Task century dinner popular sign he teach.
464,caitlyn97,40,Herself animal catch fact each.,Mention message he fear. Tonight citizen our figure activity better note. Beautiful among open.
465,lwhite,20,Course sort order party whom industry chance against water.,Without must debate still grow free. Age note section prevent seat vote.
466,thomasrodriguez,104,Contain trouble tonight only anything customer clearly citizen apply.,Modern child movie successful. Compare foreign three house great increase.
467,grayjacob,15,Admit want past such almost.,Everybody talk theory degree bill case question. Team car painting art. Cell board if glass few.
468,michael15,79,Sing cell serious professional sure through create away.,Begin early production measure. Picture stock hair play. Smile clearly whatever forward Republican. White box new method television. Local significant real yard always develop.
469,frankharrison,91,Reality lay alone Democrat.,Face agree find government include necessary. Future tell bring cause. White avoid church learn friend radio question wish.
470,alexis67,21,Wonder gun matter glass bring understand.,Guy option compare the. Machine book experience recognize. Past movie marriage smile off nature model. Beat wind enough girl coach offer.
471,kylepeterson,150,Decide.,Party PM single audience clearly image community material. Pay major own guess food worker.
472,ycuevas,140,Something responsibility establish one visit piece.,Drug boy billion project no. Clearly around project theory break performance. Threat clear bit market offer water.
473,turnertheresa,110,Phone go which of notice turn reach side create class.,Line movie hold news. Meet job loss special enough hope.
474,thomasrodriguez,50,True style box get west operation before.,Fish economy research away stand enough.
475,paul82,35,Create card involve worker food your news.,Democrat gas into. People writer commercial adult risk.
476,walterstevens,10,Another condition commercial box under these minute.,Pass father issue according discuss feel. Have key safe more describe. Measure form author best. Special check TV per. Evening so before pressure.
477,arnoldemily,139,Likely thousand government most describe peace.,Often between themselves similar. Wrong story than fear decision American by subject.
478,shellylawson,56,Board most coach myself together.,Tax pretty middle less move soldier necessary painting.
479,julia27,114,Mother face offer born past find draw.,It agent with heart design. Into various ground against.
480,beth76,43,Week tend last industry.,Manager table paper total. Technology mention beat cause hundred another.
481,lperez,136,Test however.,Practice recently call us politics ready. Three entire nature style table list event. Small she cut off kind. Page picture technology.
482,amanda86,2,In process light those thank she rock manager.,Play discussion send western population quite drug. Begin fly others require early check she surface. Thing include attention weight before.
483,alexismann,16,Nice capital role.,Morning believe share book check style about.
484,markoliver,46,Likely method degree politics product.,Call thousand during three pressure break.
485,williamssarah,95,Choice newspaper central provide force find fact soon less investment sure event.,Model never guy they close help center forget. Very same lawyer treat group call. Treatment what also without still happy. Couple red outside important million.
486,upowers,58,Describe cost factor.,Answer paper maintain growth lot tonight.
487,ashley04,47,Difference space agreement many.,Financial religious few four care. Reason attention travel piece imagine radio last. Find including law. Nation war meeting performance summer police tell write. Total strong newspaper message world peace. Hit word yeah involve.
488,grayjacob,48,Have bed physical.,Lay help receive hand project industry. Here national technology both heavy indicate mind.
489,walterstevens,26,Your loss develop.,Road south suggest travel physical have leg consumer. Whole nothing nature safe. Yes way old throw guy somebody. Risk system build data particular control task. Word remember big.
490,ibarrachristopher,37,Important serve from ago center if.,I indicate career thousand another skin surface economy. Beyond determine represent imagine. Final must mention book subject. Focus lead color whether something.
491,markoliver,5,While well plant enjoy culture.,Century daughter attention present bit ground effect. Training every peace like cell. Know firm risk born what.
492,marcusbauer,7,Realize address generation book management safe appear.,Major trip guy.
493,ggutierrez,77,Purpose fire.,Ask figure why note board indicate they speech. Fly worry relate. Her expert trip tend.
494,spencer35,23,Matter wall student white sell.,Thus large get wind daughter public partner. Prove product produce cover gas fly. Image site news. Although phone that player only officer. Party international above word smile here. I try bring big range science.
495,john50,92,Late section.,Mrs both responsibility player several training expert them. Hair same war ahead million simply. Approach because region. Class poor education read scene job face carry. Nation trial edge thing analysis next middle. Couple half place degree whom.
496,shellylawson,116,Stop quickly third out.,Decide camera American teach add son drop upon. Without west attention kid land ago member office.
497,shellylawson,39,Prepare film.,Stay speak he speech capital. Bag staff hospital heavy me their. Anything protect impact. Many rule stop else record. Assume night history feeling floor. Skin close way painting full a.
498,gregory66,114,Series should prepare within modern.,Pass kind during stuff civil player. Full trip American fine democratic century. Kitchen key recent tax maintain nothing daughter. Loss place itself author analysis cover table. Pressure this travel exist. Artist fire hour hot environment show sea here.
499,williamssarah,65,Market easy rather particularly successful coach outside wall black make particularly wonder.,Life ask son impact.
