,username,name,password,region,age,language,platform
0,frankharrison,Rebecca Elliott,iZP9FsNSfb,Guinea-Bissau,57,Aragonese,WIN
1,jennifermiller,Zachary Norman,3S4Zsl8yX9Q,Seychelles,55,Tsonga,WIN
2,emartinez,Sean Edwards,zqhSM4QQu3Cy,Korea,21,Samoan,MAC
3,michael20,Howard Sparks,mzPVgGNB9RyVk3MbJ,Holy See (Vatican City State),39,Somali,LNX
4,carrillokristine,Jennifer Thompson,TuWbMvtIYnQE2Sc,Guam,47,Urdu,WIN
5,christine15,Nathaniel Pineda,9RChJo8uNYDnNU1uB,Slovenia,20,Urdu,WIN
6,crawfordchristopher,Nicolas Flores,zi51pwuHPQlAzIw4jW,Guatemala,18,Cree,WIN
7,christopherboyd,Joanne Heath,Ab8RjcNXSg,Saint Kitts and Nevis,55,Swahili,LNX
8,lperez,Lawrence Mitchell,wScyxTsS8OOZtQwg0HYl,South Africa,53,Sichuan Yi,WIN
9,caitlyn97,Andrew Long,0dnCRDNhu9iUiJp,Grenada,35,Catalan,MAC
10,flewis,Susan Bennett,NlKAurnpa,Libyan Arab Jamahiriya,23,Turkish,LNX
11,murraybrandon,Maria Wilson,QlY9RFZMsJQoT,Christmas Island,63,Somali,MAC
12,hernandezjessica,Marcus Martin,4wl9pAowX30mRPB4aqA8,Lesotho,42,Latvian,MAC
13,lgarcia,Joseph Robbins,Pavm9mnu5JZJZCJjxF,Sierra Leone,61,Luxembourgish,LNX
14,meagan59,Susan Armstrong,A9VcgRmiqdwCIR4BxLdj,Chile,41,Kazakh,LNX
15,beth76,Christopher Allen MD,6OVbDlq9FV9x2bZyE,Thailand,50,Turkish,WIN
16,kristy67,Carmen Liu,F7XoP929eV9rwR,Togo,55,Danish,WIN
17,rogersamy,Samantha Dominguez,kxafmyvq7C2THAmZQpC,Afghanistan,38,Inupiaq,WIN
18,ibarrachristopher,Jason Campbell,1g0FTKbReWMINfJL2,New Zealand,41,Hindi,WIN
19,walterstevens,John Garcia,qEyy4zBwJS1ycbscF2,Lithuania,35,Finnish,MAC
20,erinhardin,Cody Phillips,p8q7wVVh7zKzSx695Y8,Saint Helena,47,Kalaallisut,MAC
21,ycuevas,Jessica Smith,qWQAwKNiM,Ghana,64,Lao,MAC
22,courtney23,Tricia Tran,WYskwuWTrFH,India,49,Malagasy,MAC
23,lori75,Tina Soto,R5PRSznV2H,Guam,21,Hungarian,LNX
24,shellylawson,James Douglas,YCtguSFiWeLpxw6A,Cape Verde,18,Thai,WIN
25,harrymiller,Janet Johnson,rWozvRVI64O,Venezuela,43,Somali,MAC
26,davidcharles,Cassidy Lewis,u6wV3yEp5Vp,Cook Islands,54,Komi,MAC
27,jsmith,Dustin Newton,QvTWRQaIvp9,Holy See (Vatican City State),38,Herero,WIN
28,johnsonelizabeth,Cameron Meza,mJsPmAxLbqOHhz7T,Kenya,35,Sango,LNX
29,butlerjeremy,Jeanne Paul,PqtvqN0R9k04RQB,Albania,25,Kongo,LNX
30,alexisgarcia,Denise Short,KW2fm7bk,Swaziland,64,Tagalog,WIN
31,egibbs,Andrew Potter,ruz7tF2hWC556K,Canada,36,Luba-Katanga,LNX
32,qhendricks,Kathleen Palmer,zpYTd7Zrv54G,India,50,Javanese,WIN
33,angela57,Christopher Sanchez,YiQ2UmGur4uiUpQ8knZE,Bouvet Island (Bouvetoya),21,Bihari languages,WIN
34,contrerasaaron,James Howell,F3FrOsMqnH,Ghana,25,Kinyarwanda,LNX
35,paul82,Claire Johnson MD,tR3ewe3qh7,Yemen,49,Fijian,LNX
36,alexismann,William Mason,DJQJ7dlvjI0igUU,Christmas Island,27,Korean,LNX
37,gatesbrandi,Angela Glover,AWYQQfDPAaewgP,Portugal,55,Ido,LNX
38,gregory66,Matthew Flores,MZmlTrH4SVp2y,Hungary,25,Korean,LNX
39,spencer35,William Short,NXVa9w8k3RD0A2jpaIe,Dominica,27,Greek,LNX
40,stephanie50,Eric Hernandez,vbjCH4IolHqQopRQ,Qatar,61,Estonian,MAC
41,frostanthony,Joseph Reyes,ULmPpFFWpRQGHsD,Rwanda,61,Telugu,WIN
42,john46,Dr. Juan Lopez,5soITfKMdQkM,French Southern Territories,47,Herero,MAC
43,john50,Charlotte Ewing MD,9d5YYjs8Rxtcl1qIiq1,Guam,43,Kurdish,LNX
44,elizabethmontgomery,Leslie Brooks,3kAb614OzVzo,India,54,Sundanese,LNX
45,kimberly05,Bryan Jackson,OliKlcNZQdqRyWo,Angola,32,Chichewa,LNX
46,amanda86,Brittany Crosby,VWlpMnvwjvxxo01HxI,Svalbard & Jan Mayen Islands,19,Sichuan Yi,LNX
47,mariah44,Matthew Lewis,LaSYWnKAoScRWxu,Nepal,45,Oriya,WIN
48,wattscameron,Jonathan Morgan,4vLDNTVoq,Oman,59,Kinyarwanda,LNX
49,nbarton,Renee Robinson,Ddu74H74qDHFt3N,Cape Verde,46,Xhosa,MAC
50,nathanjackson,Patrick Brown,z8efPMLyTvZfqqV,Bosnia and Herzegovina,23,"Sotho, Southern",LNX
51,fbell,Susan Matthews,30zeZkzC6IpdM90,Finland,65,Malagasy,WIN
52,kylelara,Kristopher Ramirez,Y1wpIvX0GaHAvlVO,Sweden,57,Pushto,LNX
53,obecker,Jennifer Scott,ZiVi5wC8khb4f6AT,Liberia,28,Tahitian,MAC
54,fbrown,Natalie Simmons,fdiEIEejaQIc,Zimbabwe,43,Interlingue,LNX
55,arnoldemily,Kimberly Odom,NTgWw3v8haYI,Monaco,44,Fulah,MAC
56,upowers,Anthony Adkins,ctZLPWdkCXzyBxo0,Turkey,21,Avestan,WIN
57,thomasewing,Lisa Hall,DBQ7mhT6N92hZ7gK1S4,Malta,62,Rundi,WIN
58,ikennedy,David Larson,wHr6zp4e,Sudan,56,Azerbaijani,MAC
59,mikaylabradshaw,Tyler Russell,QnEwqUWTRlJc,Cook Islands,49,Herero,LNX
60,turnertheresa,Tyler Smith,B9puv3a4M86LxbtLca,Belize,50,Ojibwa,WIN
61,ggutierrez,Mary Sandoval,nc4EV6cHJYOB,Turks and Caicos Islands,43,Amharic,WIN
62,kellyjames,Christina Vaughan,JBeAp1on5vMv,Ukraine,41,Vietnamese,LNX
63,jimenezjames,Alexis Richardson,0wGq90PqiTjbqDvGr0,Western Sahara,62,Cree,MAC
64,ablackburn,Antonio Munoz,aU4EuPnnVI5pJ4YKBzX,Northern Mariana Islands,46,Tsonga,MAC
65,nashchad,Marcia Henry,tenX2S2ZBhu3gnf8,Maldives,55,Kannada,WIN
66,alexis67,Samantha Miller,2QQiotHq,Micronesia,33,Zhuang,LNX
67,griffitholivia,Lisa Graham MD,wmExB7zAl5onHeGURo,French Guiana,22,Sichuan Yi,WIN
68,julia27,Steven Carson,ix4ZjsAoy8as,San Marino,60,Bihari languages,MAC
69,banksnancy,Leah Martinez,6UZ8b39CrrmB6W4X,Saint Lucia,59,Sichuan Yi,WIN
70,nharris,Tammy Alvarez,ItYPruPt9meGHQ0i,Bahrain,35,Manx,LNX
71,qlewis,Noah Lawrence,pajEmRy4M,Burundi,55,Pushto,LNX
72,garciajermaine,Isaac Jones,RkjpqSYud0x7,Bhutan,25,Russian,MAC
73,williamssarah,Benjamin Wilcox,sD1o8Lb9,Cook Islands,38,Abkhazian,LNX
74,thomasrodriguez,Nicole Gonzalez,lhEq5GvHsG,Greece,52,Romansh,WIN
75,teresa72,Ryan Rich,qpoe7jxUewGEp,Somalia,36,Tigrinya,WIN
76,ashley04,Alyssa King,XbyxLxxn,Austria,65,Pali,MAC
77,gbruce,April Figueroa,uYV98BrcfIalz,Micronesia,22,Azerbaijani,WIN
78,woodscott,Paul Wright,acVagVpDo77fQ,Poland,35,Ido,LNX
79,kylepeterson,Krystal Ford,aHGlbLHHyCacQCQZodX,Armenia,57,Greek,WIN
80,markoliver,Glenn Jones,zZ8ZoWKVbGG,Samoa,53,Twi,MAC
81,michael27,Annette Clarke,XJ0PLHsIKOS75,Montserrat,40,Polish,WIN
82,lwhite,Angela Wu,DhfIjkmV7H,Singapore,20,Uighur,WIN
83,uperry,Bianca Garcia,HoHRed88bp5,Botswana,38,Russian,LNX
84,ohernandez,Dr. Ashley Davis,nPfzDlHFI9doI,Belarus,61,Sardinian,MAC
85,michael15,Jasmine Garcia,2FkJ2xGwYo,South Africa,28,Tigrinya,MAC
86,bishopjoshua,Amy Manning,KRGRiOevHOs3bN,Azerbaijan,26,Sango,LNX
87,qgilbert,Teresa Miller,RxtBhOmd,Sao Tome and Principe,41,Corsican,WIN
88,dana32,Denise Palmer,EX9LgzyceIW,Ireland,62,Chuvash,MAC
89,marcusbauer,Jeffrey Davis,wHDm7pihMAuzNM,Qatar,33,Yiddish,LNX
90,eblake,Melissa Schmitt,Mnkwl6iFrglPO,Chad,56,Walloon,MAC
91,scottrodriguez,Sarah Wood,sy1Bq8izn,Mozambique,23,Chechen,MAC
92,dwilliams,Jason Miller,EX5qhUK34oy4Ow4fje,Holy See (Vatican City State),35,Latin,WIN
93,grayjacob,Morgan Baxter,DLMDhh5WxsT31MF6yM,Samoa,51,Dzongkha,MAC
94,ledwards,Tiffany Johnston,esFbQ6QB4sz7GVN8DD,Hungary,41,Tamil,MAC
95,fmoore,Deborah Estrada,DQavXR8BAYFB,Anguilla,38,Tibetan,LNX
96,taracharles,Kenneth Perez,VzXCAD4lQw,Niue,45,Sanskrit,LNX
97,saramendoza,Joshua Williams,udbPn4LR,China,59,Tibetan,MAC
98,dana90,Joseph Duran,3wfpQhQE,Grenada,20,Zhuang,LNX
99,connor43,Christopher Garcia,hf2xQ8cjNTs3d2SS,Japan,44,Panjabi,WIN
